id,place_id,time_slot_id,run_id
1,73.0,1,1
2,114.0,125,10
3,8.0,19,19
4,37.0,22,28
5,117.0,19,30
7,80.0,19,39
8,33.0,19,42
9,32.0,19,45
11,54.0,19,57
12,59.0,19,58
13,106.0,19,64
18,81.0,19,85
19,46.0,19,937
21,23.0,19,98
68,104.0,19,114
69,41.0,29,117
70,11.0,37,126
71,60.0,49,135
73,76.0,49,141
74,78.0,49,143
76,45.0,49,161
77,7.0,49,163
78,31.0,58,165
80,46.0,49,172
81,58.0,49,174
82,13.0,49,176
83,52.0,49,179
84,15.0,49,182
87,29.0,49,187
89,10.0,49,193
90,62.0,49,196
91,11.0,49,197
94,14.0,49,203
95,8.0,64,206
96,104.0,49,208
97,72.0,46,209
98,1.0,49,212
99,3.0,49,215
102,2.0,64,223
103,2.0,50,216
104,89.0,66,225
105,89.0,67,226
106,8.0,75,235
107,6.0,75,236
108,4.0,75,239
109,25.0,75,242
110,31.0,75,243
111,23.0,75,246
112,49.0,75,249
113,48.0,75,250
114,11.0,75,253
115,19.0,75,254
117,32.0,75,262
118,17.0,75,265
119,24.0,75,267
121,57.0,75,272
122,116.0,75,275
124,73.0,2,2
125,114.0,126,11
126,8.0,20,19
127,119.0,23,28
128,117.0,20,30
130,80.0,20,39
131,32.0,20,45
133,54.0,20,57
134,59.0,20,58
135,106.0,20,64
137,82.0,20,281
140,78.0,20,285
141,46.0,20,937
143,118.0,20,98
146,104.0,20,114
147,,30,118
148,,38,127
149,91.0,50,289
150,60.0,50,135
152,76.0,50,142
153,78.0,50,144
159,49.0,50,301
160,45.0,50,161
161,4.0,50,164
162,31.0,59,166
164,7.0,50,173
167,52.0,50,180
168,15.0,50,182
171,29.0,50,187
173,10.0,50,193
174,62.0,50,196
175,11.0,50,197
178,14.0,50,204
179,103.0,50,306
180,104.0,50,208
181,72.0,47,210
182,49.0,47,307
183,1.0,59,213
184,2.0,50,224
185,2.0,64,214
187,2.0,59,217
189,8.0,65,235
190,6.0,65,236
191,4.0,65,239
192,25.0,65,242
193,31.0,65,243
194,23.0,65,246
195,49.0,65,249
196,48.0,65,250
197,11.0,65,253
198,19.0,65,254
200,32.0,65,262
201,17.0,65,265
202,24.0,65,267
204,57.0,65,272
205,116.0,65,275
207,89.0,68,227
208,89.0,83,309
209,92.0,83,310
210,73.0,3,3
211,114.0,127,12
212,8.0,21,19
213,119.0,24,28
214,117.0,21,30
216,80.0,21,39
217,33.0,21,42
218,32.0,21,45
220,54.0,21,57
221,59.0,21,58
222,106.0,21,64
224,82.0,21,282
227,78.0,21,285
228,46.0,21,937
229,118.0,21,98
231,104.0,21,114
235,102.0,67,314
236,45.0,51,161
237,5.0,51,315
238,31.0,51,318
240,7.0,51,321
241,4.0,51,324
242,13.0,51,177
243,52.0,51,181
244,15.0,51,182
246,34.0,52,186
247,29.0,51,187
251,11.0,51,197
254,14.0,51,205
255,103.0,51,305
256,104.0,51,208
257,72.0,48,211
258,49.0,51,308
259,9.0,59,207
260,1.0,51,334
261,2.0,88,336
264,1.0,76,337
266,8.0,76,235
267,6.0,76,236
268,4.0,76,239
269,25.0,76,242
270,31.0,76,243
271,11.0,76,253
272,19.0,76,254
274,24.0,76,267
276,57.0,76,272
277,116.0,76,275
279,3.0,69,228
280,89.0,89,338
281,120.0,89,340
282,73.0,4,4
284,80.0,22,344
288,104.0,22,351
289,59.0,22,58
292,109.0,22,360
296,115.0,22,367
297,23.0,22,98
299,104.0,22,115
300,103.0,40,129
301,109.0,52,368
302,74.0,52,371
303,76.0,52,312
304,78.0,52,146
311,33.0,52,379
312,45.0,52,161
313,5.0,52,316
316,7.0,52,322
317,4.0,52,325
318,103.0,60,383
321,15.0,52,391
322,49.0,52,394
324,93.0,49,396
325,10.0,52,399
327,90.0,52,405
329,11.0,52,198
333,75.0,53,413
335,1.0,91,417
336,1.0,87,418
338,3.0,77,419
340,2.0,92,420
341,49.0,77,421
342,6.0,77,237
343,37.0,77,425
344,48.0,77,251
346,19.0,77,257
347,11.0,77,260
348,32.0,77,263
349,17.0,77,266
350,49.0,76,249
351,73.0,5,5
352,73.0,6,6
353,73.0,7,7
354,73.0,8,8
355,73.0,9,9
356,114.0,128,13
357,114.0,129,14
358,114.0,130,15
359,114.0,131,16
360,114.0,132,17
361,114.0,133,18
380,33.0,20,42
397,59.0,23,58
398,59.0,24,58
407,81.0,20,85
408,81.0,21,85
414,81.0,22,86
415,81.0,23,86
416,81.0,24,86
417,81.0,25,87
418,81.0,26,87
419,81.0,27,87
420,58.0,19,938
421,58.0,20,938
422,58.0,21,938
423,5.0,19,88
424,115.0,20,88
425,115.0,21,88
433,118.0,23,98
434,126.0,24,98
435,23.0,34,98
436,23.0,26,98
437,23.0,27,98
438,23.0,19,939
439,48.0,20,98
440,48.0,21,98
442,49.0,24,98
443,49.0,23,98
445,48.0,26,98
446,48.0,27,98
447,11.0,20,98
448,11.0,21,98
449,31.0,27,98
450,31.0,26,98
457,84.0,19,113
458,84.0,20,113
459,84.0,21,113
460,104.0,23,115
461,104.0,24,115
462,104.0,25,116
463,104.0,26,116
464,104.0,27,116
465,,31,119
466,,32,120
467,,23,121
468,,33,122
469,,34,123
470,,35,124
471,,36,125
472,,39,128
473,,41,130
474,,42,131
475,,43,132
476,,44,133
477,,45,134
478,120.0,51,135
480,78.0,51,145
481,78.0,53,147
482,78.0,54,148
483,78.0,55,149
484,78.0,56,150
485,78.0,57,151
492,45.0,54,162
493,45.0,55,162
494,45.0,56,162
495,45.0,57,162
496,31.0,60,167
497,5.0,50,175
498,13.0,53,178
499,11.0,61,199
500,11.0,63,200
502,,70,229
503,,71,230
504,,72,231
505,,73,232
506,,74,233
507,,28,234
508,6.0,78,237
509,6.0,79,237
510,6.0,80,238
511,120.0,81,238
512,6.0,82,238
513,4.0,77,240
514,4.0,78,240
515,4.0,79,240
516,4.0,80,241
517,4.0,81,241
518,4.0,82,241
519,31.0,77,244
520,31.0,78,244
521,31.0,79,244
522,31.0,80,245
523,31.0,81,245
524,31.0,82,245
525,23.0,76,246
526,23.0,77,247
527,23.0,78,247
528,23.0,79,247
529,23.0,80,248
530,23.0,81,248
531,23.0,82,248
532,48.0,76,250
533,48.0,78,251
534,48.0,79,251
535,48.0,80,252
536,48.0,81,252
537,48.0,82,252
538,19.0,78,257
539,19.0,79,257
540,11.0,78,260
541,11.0,79,260
542,11.0,80,261
543,11.0,81,261
544,11.0,82,261
545,32.0,76,262
546,32.0,78,263
547,32.0,79,263
548,32.0,80,264
549,32.0,81,264
550,32.0,82,264
551,17.0,76,265
552,17.0,78,266
553,17.0,79,266
554,24.0,77,268
555,24.0,78,268
556,24.0,79,268
557,24.0,80,269
558,24.0,81,269
559,24.0,82,269
560,40.0,77,270
561,40.0,78,270
562,40.0,79,270
563,40.0,75,271
564,40.0,65,271
565,40.0,76,271
566,57.0,77,273
567,57.0,78,273
568,57.0,79,273
569,57.0,80,274
570,57.0,81,274
571,57.0,82,274
572,116.0,77,276
573,116.0,78,276
574,116.0,79,276
575,116.0,80,277
576,116.0,81,277
577,116.0,82,277
578,21.0,77,278
579,21.0,78,278
580,21.0,79,278
581,21.0,80,279
582,21.0,81,279
583,21.0,82,279
584,21.0,75,280
585,21.0,65,280
586,21.0,76,280
591,78.0,19,285
600,9.0,48,302
601,103.0,49,304
602,76.0,51,311
603,76.0,53,313
604,5.0,53,317
605,31.0,50,319
606,31.0,52,320
607,7.0,53,323
608,4.0,53,326
614,92.0,89,339
617,23.0,23,344
618,23.0,24,344
619,37.0,25,347
620,37.0,26,347
621,37.0,27,347
625,104.0,23,351
626,104.0,24,351
632,109.0,23,360
633,109.0,24,360
637,65.0,19,366
638,65.0,20,366
642,65.0,21,366
643,115.0,23,367
644,115.0,24,367
645,115.0,22,941
646,115.0,23,941
647,115.0,24,941
648,58.0,22,942
649,58.0,23,942
650,58.0,24,942
651,,54,369
652,,55,370
653,74.0,53,372
658,33.0,53,379
659,58.0,54,379
660,23.0,53,382
661,103.0,96,383
662,103.0,99,383
663,103.0,101,383
664,103.0,102,383
667,15.0,53,392
668,15.0,54,393
669,116.0,53,394
670,116.0,54,394
671,31.0,54,395
672,93.0,50,396
673,93.0,51,396
674,10.0,53,400
675,10.0,54,401
678,90.0,53,405
679,90.0,54,405
680,90.0,55,408
681,90.0,56,408
682,90.0,57,408
685,104.0,52,412
686,104.0,53,412
687,104.0,54,412
688,75.0,54,413
689,75.0,55,413
692,2.0,93,420
693,49.0,78,421
694,49.0,79,421
695,49.0,80,422
696,49.0,81,422
697,49.0,82,422
701,8.0,77,424
702,8.0,78,424
703,8.0,79,424
704,37.0,78,425
705,37.0,79,425
706,92.0,94,428
707,92.0,95,429
710,,53,432
711,,54,433
712,,55,434
713,,53,435
714,,54,436
715,,55,437
716,,56,438
717,,57,439
718,29.0,53,440
719,29.0,55,441
720,44.0,53,442
721,48.0,96,443
722,62.0,54,444
723,48.0,53,445
724,48.0,54,446
725,1.0,53,447
726,2.0,53,448
730,3.0,96,452
731,3.0,53,453
732,89.0,97,454
733,92.0,97,455
734,92.0,98,456
735,74.0,54,457
736,76.0,54,458
737,76.0,55,459
738,76.0,56,460
739,76.0,57,461
740,29.0,54,462
741,84.0,55,463
742,84.0,56,464
743,7.0,54,465
744,7.0,55,466
745,7.0,56,467
746,4.0,54,468
747,4.0,55,469
748,4.0,56,470
749,5.0,54,471
750,5.0,55,472
751,5.0,56,473
752,32.0,54,474
753,32.0,101,475
754,32.0,56,476
755,2.0,99,477
756,2.0,79,478
757,2.0,56,479
758,1.0,113,480
762,22.0,54,484
763,22.0,99,485
764,22.0,101,486
766,22.0,56,487
767,22.0,80,488
768,22.0,102,489
769,1.0,78,490
770,2.0,54,491
771,3.0,57,492
772,3.0,78,493
773,3.0,54,494
774,1.0,79,495
776,89.0,103,497
777,92.0,103,498
778,102.0,103,499
779,75.0,25,500
780,75.0,26,500
781,15.0,27,500
782,64.0,25,503
783,64.0,26,503
784,64.0,27,503
785,34.0,22,504
786,64.0,23,504
787,64.0,24,504
788,90.0,25,506
789,90.0,26,506
790,90.0,27,506
794,79.0,25,512
795,79.0,26,513
796,79.0,27,514
797,35.0,25,515
798,35.0,26,516
799,35.0,27,517
800,127.0,25,518
801,127.0,26,518
802,127.0,27,518
803,11.0,25,521
804,11.0,26,521
805,11.0,27,521
806,115.0,25,524
807,115.0,26,524
808,115.0,27,524
809,115.0,25,943
810,115.0,26,943
811,115.0,27,943
812,115.0,27,944
813,115.0,26,944
814,115.0,25,944
815,84.0,22,525
816,84.0,23,525
817,116.0,24,525
823,60.0,55,531
824,133.0,56,531
825,133.0,57,531
826,9.0,55,534
827,9.0,56,535
828,9.0,57,536
829,119.0,54,537
830,14.0,55,538
831,14.0,56,539
832,14.0,57,540
833,48.0,56,541
834,23.0,55,542
835,23.0,54,543
836,69.0,55,544
837,11.0,55,545
838,11.0,85,545
839,11.0,104,545
840,119.0,99,546
844,33.0,101,548
845,51.0,99,549
846,51.0,96,550
847,58.0,55,551
848,30.0,55,552
849,30.0,56,552
850,30.0,57,552
854,15.0,55,556
855,15.0,56,556
856,15.0,57,556
857,13.0,55,559
858,13.0,56,559
859,13.0,57,559
860,62.0,55,560
861,62.0,56,560
862,62.0,120,560
866,10.0,84,566
867,10.0,85,567
868,10.0,104,568
870,89.0,110,570
871,102.0,110,571
872,102.0,97,572
873,91.0,56,573
874,91.0,57,574
875,98.0,56,575
876,69.0,56,576
877,69.0,57,577
878,93.0,56,578
879,103.0,101,579
880,103.0,102,579
881,64.0,56,581
882,2.0,101,582
883,2.0,80,583
884,2.0,102,584
885,2.0,82,585
886,2.0,81,586
887,2.0,57,587
888,1.0,82,588
889,1.0,81,589
890,3.0,111,590
891,3.0,111,591
892,2.0,55,592
893,3.0,80,593
894,3.0,102,594
895,89.0,95,595
896,92.0,110,596
897,102.0,83,597
898,65.0,57,598
899,22.0,57,599
900,22.0,111,600
901,1.0,113,601
902,1.0,122,840
903,2.0,111,602
904,2.0,82,603
905,22.0,111,604
906,22.0,82,605
907,92.0,94,606
908,130.0,110,607
909,89.0,94,608
911,125.0,25,610
912,125.0,26,610
913,125.0,27,610
915,23.0,56,612
916,31.0,99,613
917,31.0,101,614
918,84.0,60,615
919,84.0,58,616
920,8.0,96,617
922,84.0,54,619
923,58.0,102,620
924,58.0,101,621
925,23.0,101,622
926,23.0,99,623
927,48.0,55,624
929,8.0,49,626
931,9.0,50,627
932,48.0,49,628
933,48.0,50,629
934,48.0,51,630
935,48.0,52,631
936,116.0,56,632
937,104.0,55,632
938,4.0,120,632
939,90.0,49,633
940,90.0,50,633
941,90.0,51,633
942,49.0,63,634
943,49.0,55,634
944,49.0,56,634
945,72.0,53,635
950,116.0,52,640
951,116.0,51,640
952,116.0,50,640
956,14.0,19,644
957,14.0,20,644
958,14.0,21,644
959,14.0,22,645
960,14.0,114,645
961,14.0,24,645
962,14.0,25,646
963,14.0,27,646
964,14.0,26,646
965,30.0,19,647
966,30.0,20,647
967,30.0,21,647
968,30.0,22,648
969,30.0,23,648
970,30.0,24,648
971,30.0,25,649
972,30.0,26,649
973,30.0,27,649
974,15.0,19,650
975,15.0,20,650
976,15.0,21,650
977,15.0,22,650
978,15.0,23,650
979,15.0,24,650
980,15.0,25,650
981,15.0,26,650
982,15.0,27,650
983,52.0,19,653
984,52.0,20,653
985,52.0,21,653
986,52.0,22,653
987,52.0,23,653
988,52.0,24,653
989,52.0,25,653
990,52.0,26,653
991,52.0,27,653
992,13.0,19,656
993,13.0,20,656
994,13.0,21,656
995,13.0,22,656
996,13.0,23,656
997,13.0,24,656
998,13.0,25,656
999,13.0,26,656
1000,13.0,27,656
1001,52.0,101,659
1002,11.0,102,660
1003,7.0,111,661
1004,7.0,50,662
1005,119.0,55,663
1006,119.0,101,664
1007,20.0,56,665
1008,20.0,102,666
1009,5.0,57,667
1012,8.0,57,670
1013,13.0,84,671
1014,13.0,85,671
1015,13.0,104,671
1016,119.0,58,841
1017,125.0,80,672
1018,125.0,81,672
1019,125.0,82,672
1020,17.0,80,673
1021,17.0,81,673
1022,17.0,82,673
1023,89.0,98,674
1060,2.0,49,676
1061,3.0,64,677
1062,1.0,50,678
1063,1.0,64,679
1064,3.0,50,680
1065,3.0,59,681
1066,1.0,123,682
1067,3.0,60,683
1068,3.0,99,684
1069,3.0,56,685
1070,3.0,81,686
1071,8.0,80,687
1072,8.0,81,687
1073,8.0,82,687
1074,102.0,98,688
1078,51.0,53,692
1079,51.0,54,693
1080,33.0,55,694
1083,30.0,52,698
1084,30.0,53,698
1085,30.0,54,698
1086,109.0,49,700
1087,84.0,50,700
1088,9.0,51,700
1089,121.0,52,701
1090,121.0,53,701
1091,121.0,54,701
1092,93.0,55,702
1093,93.0,101,703
1094,20.0,19,704
1095,20.0,20,704
1096,9.0,21,704
1107,109.0,19,707
1108,109.0,20,707
1109,109.0,21,707
1110,60.0,22,708
1111,60.0,23,708
1112,60.0,24,708
1113,55.0,19,709
1114,55.0,20,709
1115,55.0,21,709
1116,72.0,22,710
1117,72.0,23,710
1118,72.0,24,710
1119,60.0,19,711
1120,60.0,20,711
1121,60.0,21,711
1122,54.0,22,713
1125,54.0,23,713
1126,54.0,24,713
1127,9.0,25,714
1128,9.0,26,714
1129,9.0,27,714
1130,6.0,19,716
1131,6.0,20,716
1132,6.0,21,716
1145,103.0,22,720
1146,103.0,23,720
1147,103.0,24,720
1154,31.0,25,722
1155,31.0,26,722
1156,31.0,27,722
1160,109.0,52,726
1161,109.0,53,726
1162,109.0,54,726
1163,74.0,55,726
1164,74.0,56,726
1165,59.0,50,729
1166,59.0,51,730
1167,54.0,49,731
1168,54.0,50,731
1169,60.0,52,733
1170,60.0,53,733
1171,60.0,54,733
1172,124.0,52,734
1173,124.0,53,735
1174,124.0,54,736
1175,1.0,53,737
1176,1.0,96,738
1177,53.0,52,739
1178,53.0,53,739
1179,53.0,54,740
1180,53.0,55,740
1181,54.0,56,741
1182,54.0,57,741
1183,78.0,49,742
1184,78.0,50,742
1185,78.0,51,742
1186,78.0,52,743
1187,78.0,53,743
1188,78.0,54,743
1189,78.0,55,744
1190,78.0,56,744
1191,78.0,120,744
1192,81.0,49,745
1193,81.0,50,745
1194,81.0,51,745
1195,81.0,52,746
1196,81.0,53,746
1197,81.0,54,746
1198,81.0,55,747
1199,81.0,56,747
1200,81.0,57,747
1201,33.0,49,748
1202,33.0,50,749
1203,32.0,50,750
1204,32.0,51,751
1205,32.0,52,752
1206,8.0,50,753
1207,8.0,51,754
1208,8.0,52,755
1209,80.0,50,756
1210,80.0,51,756
1211,80.0,52,756
1212,80.0,53,756
1213,6.0,50,757
1214,6.0,51,758
1215,6.0,52,759
1216,23.0,50,760
1217,23.0,51,761
1218,23.0,52,762
1219,37.0,50,763
1220,37.0,51,764
1221,37.0,52,765
1222,37.0,53,766
1223,34.0,50,767
1224,34.0,51,768
1225,34.0,52,769
1226,34.0,53,770
1227,8.0,54,771
1228,8.0,55,771
1229,8.0,56,771
1230,9.0,52,774
1231,9.0,53,774
1232,9.0,54,774
1233,55.0,49,777
1234,55.0,50,777
1235,55.0,51,777
1243,52.0,58,780
1244,52.0,60,781
1245,52.0,53,782
1246,46.0,25,783
1247,46.0,26,783
1248,46.0,27,783
1249,44.0,25,784
1250,44.0,26,784
1251,44.0,27,784
1252,14.0,101,785
1253,14.0,102,785
1254,14.0,111,785
1255,30.0,49,786
1257,30.0,51,786
1258,30.0,50,786
1259,108.0,49,789
1260,108.0,50,789
1261,108.0,51,789
1262,35.0,49,790
1263,35.0,50,790
1264,35.0,51,790
1272,31.0,53,797
1273,13.0,50,798
1275,13.0,52,799
1276,93.0,63,800
1277,130.0,95,801
1278,3.0,101,802
1279,3.0,79,803
1280,3.0,55,804
1281,37.0,80,805
1282,37.0,81,805
1283,37.0,82,805
1284,65.0,22,806
1285,65.0,23,806
1286,65.0,24,806
1287,85.0,49,807
1288,73.0,50,808
1289,14.0,52,814
1290,14.0,53,814
1291,14.0,54,814
1292,76.0,84,817
1293,76.0,85,817
1294,76.0,104,817
1295,48.0,57,818
1296,48.0,111,839
1297,1.0,101,819
1298,1.0,80,820
1299,1.0,55,821
1300,1.0,54,822
1301,1.0,99,823
1302,1.0,56,824
1303,1.0,102,825
1304,1.0,120,826
1305,1.0,111,827
1306,1.0,121,828
1307,1.0,76,829
1308,16.0,99,830
1309,16.0,101,842
1310,16.0,102,843
1311,16.0,111,844
1312,119.0,60,833
1314,48.0,102,846
1315,48.0,101,625
1553,61.0,64,835
1554,61.0,59,835
1555,61.0,58,835
1556,61.0,60,835
1557,61.0,96,835
1558,61.0,99,835
1559,61.0,101,835
1560,61.0,102,835
1561,61.0,111,835
1562,64.0,64,836
1563,64.0,59,836
1564,64.0,58,836
1565,64.0,60,836
1566,64.0,99,836
1567,64.0,96,836
1568,64.0,101,836
1569,64.0,102,836
1570,64.0,111,836
1571,61.0,49,837
1572,61.0,50,837
1573,61.0,51,837
1574,61.0,52,837
1575,61.0,53,837
1576,61.0,54,837
1577,61.0,55,837
1578,61.0,56,837
1579,61.0,57,837
1580,64.0,49,838
1583,64.0,50,838
1584,64.0,51,838
1585,64.0,52,838
1586,64.0,53,838
1587,64.0,55,838
1588,64.0,54,838
1589,64.0,56,838
1590,64.0,120,838
1592,62.0,51,879
1593,111.0,124,880
1594,32.0,22,882
1595,32.0,23,882
1596,32.0,24,882
1597,32.0,25,883
1598,32.0,26,883
1599,32.0,27,883
1600,53.0,22,884
1601,53.0,23,884
1602,53.0,24,884
1603,78.0,22,885
1604,78.0,23,885
1605,78.0,24,885
1606,78.0,25,886
1607,78.0,26,886
1608,78.0,27,886
1609,8.0,22,887
1610,8.0,23,887
1611,8.0,24,887
1612,8.0,25,888
1613,8.0,26,888
1614,8.0,27,888
1615,6.0,22,889
1616,6.0,23,889
1617,6.0,24,889
1618,6.0,25,890
1619,6.0,26,890
1620,6.0,27,890
1621,108.0,22,891
1622,108.0,5,891
1623,108.0,24,891
1624,103.0,25,892
1625,103.0,26,892
1626,103.0,27,892
1627,114.0,134,893
1628,114.0,135,894
1629,114.0,136,895
1630,114.0,137,896
1631,114.0,138,897
1632,114.0,139,898
1633,114.0,140,899
1634,114.0,141,900
1635,114.0,142,901
1636,114.0,143,902
1637,114.0,144,903
1638,114.0,145,904
1639,114.0,146,905
1640,14.0,64,203
1641,1.0,29,906
1642,1.0,30,906
1643,1.0,31,906
1644,1.0,32,906
1645,1.0,114,906
1646,1.0,33,906
1647,1.0,34,906
1648,1.0,36,906
1649,1.0,35,906
1650,2.0,29,907
1651,2.0,30,907
1652,2.0,31,907
1653,2.0,32,907
1654,2.0,114,907
1655,2.0,33,907
1656,2.0,34,907
1657,2.0,36,907
1658,2.0,35,907
1659,3.0,29,908
1660,3.0,30,908
1661,3.0,31,908
1662,3.0,32,908
1663,3.0,114,908
1664,3.0,33,908
1665,3.0,34,908
1666,3.0,36,908
1667,3.0,35,908
1668,1.0,21,682
1669,55.0,52,909
1670,55.0,53,909
1671,55.0,54,909
1672,44.0,55,910
1673,44.0,56,910
1674,44.0,57,910
1675,2.0,152,911
1676,112.0,125,912
1677,112.0,126,912
1678,112.0,127,912
1679,112.0,128,912
1680,112.0,129,912
1681,112.0,130,912
1682,112.0,131,912
1683,112.0,132,912
1684,112.0,133,912
1685,112.0,134,912
1686,112.0,135,912
1687,92.0,122,913
1688,73.0,156,914
1689,113.0,125,915
1690,113.0,136,916
1691,113.0,126,917
1692,113.0,138,918
1693,113.0,127,919
1694,113.0,137,920
1695,113.0,128,921
1696,113.0,139,922
1697,113.0,129,923
1698,113.0,140,924
1699,113.0,130,925
1700,113.0,141,926
1701,113.0,131,927
1702,113.0,142,928
1703,113.0,132,929
1704,113.0,143,930
1705,113.0,133,931
1706,113.0,144,932
1707,113.0,134,933
1708,113.0,145,934
1709,113.0,135,935
1710,113.0,146,936
1711,60.0,64,135
1712,60.0,59,135
1713,120.0,58,135
1714,13.0,64,176
1715,116.0,59,640
1716,116.0,58,640
1717,116.0,60,640
1718,15.0,64,182
1719,15.0,59,182
1720,15.0,58,182
1721,29.0,64,187
1722,29.0,59,187
1723,29.0,58,187
1724,10.0,64,193
1725,10.0,59,193
1726,33.0,60,379
1727,33.0,96,379
1728,58.0,99,379
1729,60.0,101,531
1730,133.0,102,531
1731,133.0,111,531
1732,9.0,60,774
1733,9.0,96,774
1734,9.0,99,774
1735,9.0,75,945
1736,9.0,65,945
1737,9.0,76,945
1738,9.0,77,946
1739,9.0,78,946
1740,9.0,79,946
1741,9.0,80,947
1742,120.0,81,947
1743,9.0,82,947
1744,62.0,64,196
1745,62.0,59,196
1746,11.0,64,197
1747,11.0,59,197
1748,11.0,58,197
1749,104.0,64,208
1750,104.0,59,208
1751,104.0,58,208
1752,109.0,64,700
1753,84.0,59,700
1754,9.0,58,700
1755,9.0,22,704
1756,9.0,23,704
1757,9.0,24,704
1758,109.0,60,726
1759,109.0,96,726
1760,109.0,99,726
1761,74.0,101,726
1762,74.0,102,726
1763,60.0,60,733
1764,60.0,96,733
1765,60.0,99,733
1766,78.0,64,742
1767,78.0,59,742
1768,78.0,58,742
1769,78.0,60,743
1770,78.0,96,743
1771,78.0,99,743
1772,78.0,101,744
1773,78.0,102,744
1774,78.0,111,744
1775,8.0,99,771
1776,8.0,101,771
1777,8.0,102,771
1778,30.0,64,786
1779,30.0,59,786
1780,30.0,58,786
1781,52.0,64,179
1782,9.0,59,301
1783,9.0,58,302
1784,103.0,64,304
1785,103.0,58,305
1786,103.0,59,306
1787,93.0,64,396
1788,93.0,59,396
1789,93.0,58,396
1790,90.0,64,633
1791,90.0,59,633
1792,90.0,58,633
1793,59.0,59,729
1794,54.0,64,731
1795,54.0,59,731
1796,124.0,60,734
1797,124.0,96,735
1798,124.0,99,736
1799,53.0,60,739
1800,53.0,96,739
1801,53.0,99,740
1802,53.0,101,740
1803,81.0,64,745
1804,81.0,59,745
1805,81.0,58,745
1806,81.0,60,746
1807,81.0,96,746
1808,81.0,99,746
1809,81.0,101,747
1810,81.0,102,747
1811,81.0,111,747
1812,33.0,64,748
1813,33.0,59,749
1814,32.0,59,750
1815,32.0,58,751
1816,32.0,60,752
1817,8.0,59,753
1818,8.0,58,754
1819,8.0,60,755
1820,80.0,59,756
1821,80.0,58,756
1822,80.0,60,756
1823,80.0,96,756
1824,6.0,59,757
1825,6.0,58,758
1826,6.0,60,759
1827,23.0,59,760
1828,23.0,58,761
1829,23.0,60,762
1830,37.0,59,763
1831,37.0,58,764
1832,37.0,60,765
1833,37.0,96,766
1834,34.0,59,767
1835,34.0,58,768
1836,34.0,60,769
1837,34.0,96,770
1838,55.0,64,777
1839,55.0,59,777
1840,55.0,58,777
1841,52.0,96,782
1842,108.0,64,789
1843,108.0,59,789
1844,108.0,58,789
1845,93.0,50,948
1846,93.0,59,948
1847,93.0,51,949
1848,93.0,58,949
1849,54.0,102,741
1850,54.0,111,741
1851,55.0,60,909
1852,55.0,96,909
1853,55.0,99,909
1854,44.0,101,910
1855,44.0,102,910
1856,44.0,111,910
1857,14.0,19,950
1858,14.0,20,950
1859,14.0,21,950
1860,14.0,22,950
1861,14.0,23,950
1862,14.0,24,950
1863,14.0,25,950
1864,14.0,27,950
1865,14.0,26,950
1866,30.0,22,647
1867,30.0,23,647
1868,30.0,24,647
1869,30.0,25,647
1870,30.0,26,647
1871,30.0,27,647
1872,23.0,49,951
1873,67.0,59,952
1874,67.0,58,953
1875,67.0,60,954
1876,67.0,99,955
1877,67.0,96,956
1878,75.0,111,957
1879,75.0,101,958
1880,75.0,102,959
1881,11.0,53,960
1882,11.0,54,962
1883,34.0,19,964
1884,34.0,20,964
1885,34.0,21,964
1886,1.0,155,906
1887,21.0,29,965
1888,21.0,30,965
1889,21.0,31,965
1890,21.0,32,965
1891,21.0,114,965
1892,21.0,33,965
1893,21.0,34,965
1894,21.0,35,965
1895,21.0,36,965
1896,28.0,155,966
1897,28.0,29,966
1898,28.0,30,966
1899,28.0,31,966
1900,28.0,32,966
1901,28.0,114,966
1902,28.0,33,966
1903,28.0,34,966
1904,28.0,35,966
1905,28.0,36,966
1906,22.0,155,967
1907,22.0,29,967
1908,22.0,30,967
1909,22.0,31,967
1910,22.0,32,967
1911,22.0,114,967
1912,22.0,33,967
1913,22.0,34,967
1914,22.0,35,967
1915,22.0,36,967
1916,12.0,155,968
1917,12.0,29,968
1918,12.0,30,968
1919,12.0,31,968
1920,12.0,32,968
1921,12.0,114,968
1922,12.0,33,968
1923,12.0,34,968
1924,12.0,35,968
1925,12.0,36,968
1926,88.0,29,969
1927,88.0,30,969
1928,88.0,31,969
1929,88.0,32,969
1930,88.0,114,969
1931,88.0,33,969
1932,88.0,34,969
1933,88.0,35,969
1934,88.0,36,969
1935,87.0,29,970
1936,87.0,30,970
1937,87.0,31,970
1938,87.0,32,970
1939,87.0,114,970
1940,87.0,33,970
1941,87.0,34,970
1942,87.0,35,970
1943,87.0,36,970
1944,86.0,29,971
1945,86.0,30,971
1946,86.0,31,971
1947,86.0,32,971
1948,86.0,114,971
1949,86.0,33,971
1950,86.0,34,971
1951,86.0,35,971
1952,86.0,36,971
1953,26.0,29,972
1954,26.0,30,972
1955,26.0,21,972
1956,26.0,22,972
1957,24.0,29,973
1958,24.0,30,973
1959,24.0,31,973
1960,24.0,32,973
1961,24.0,114,973
1962,24.0,33,973
1963,24.0,34,973
1964,24.0,35,973
1965,24.0,36,973
1966,27.0,29,974
1967,20.0,29,975
1968,38.0,29,976
1969,57.0,29,977
1970,18.0,29,978
1971,17.0,29,979
1972,19.0,29,980
1973,73.0,156,982
1974,73.0,157,983
1975,73.0,156,984
1976,73.0,157,985
1977,20.0,50,987
1978,20.0,52,988
1979,76.0,51,989
1980,120.0,56,990
1981,73.0,156,991
1982,73.0,157,992
1983,73.0,156,993
1984,73.0,157,994
1985,26.0,114,972
1986,26.0,33,972
1987,26.0,34,972
1988,26.0,35,972
1989,26.0,36,972
1990,27.0,30,974
1991,27.0,31,974
1992,27.0,32,974
1993,27.0,114,974
1994,27.0,33,974
1995,27.0,34,974
1996,27.0,35,974
1997,27.0,36,974
1998,20.0,30,975
1999,20.0,32,975
2000,20.0,31,975
2001,20.0,114,975
2002,20.0,33,975
2003,20.0,34,975
2004,20.0,35,975
2005,20.0,36,975
2006,38.0,30,976
2007,38.0,31,976
2008,38.0,32,976
2009,38.0,114,976
2010,38.0,33,976
2011,38.0,34,976
2012,38.0,35,976
2013,38.0,36,976
2014,25.0,29,981
2015,42.0,29,995
2016,41.0,29,996
2017,40.0,29,997
2018,39.0,29,998
2019,73.0,157,999
2020,73.0,156,1000
2021,73.0,157,1001
2022,73.0,156,1002
2023,73.0,157,1003
2024,73.0,156,1004
2025,73.0,157,1005
2026,73.0,156,1006
2027,73.0,157,1007
2028,73.0,156,1008
2029,73.0,157,1009
2030,73.0,156,1010
2031,73.0,157,1011
2032,73.0,156,1012
2033,73.0,157,1013
2034,73.0,156,1014
2035,73.0,157,1015
2036,117.0,20,30
2037,33.0,22,42
2038,13.0,58,177
2039,13.0,96,178
2040,34.0,60,186
2041,11.0,60,198
2042,14.0,59,204
2043,14.0,58,205
2044,49.0,49,1016
2045,49.0,58,308
2046,26.0,58,334
2047,72.0,52,1017
2048,72.0,51,1018
2049,72.0,58,1018
2050,57.0,30,977
2051,57.0,31,977
2052,57.0,32,977
2053,57.0,114,977
2054,57.0,33,977
2055,57.0,34,977
2056,57.0,35,977
2057,57.0,36,977
2058,18.0,36,978
2059,18.0,35,978
2060,18.0,34,978
2061,18.0,33,978
2062,18.0,114,978
2063,18.0,32,978
2064,18.0,31,978
2065,18.0,30,978
2066,17.0,30,979
2067,17.0,31,979
2068,17.0,32,979
2069,17.0,114,979
2070,17.0,33,979
2071,17.0,34,979
2072,17.0,35,979
2073,17.0,36,979
2074,19.0,30,980
2075,19.0,31,980
2076,19.0,32,980
2077,19.0,114,980
2078,19.0,33,980
2079,19.0,34,980
2080,19.0,35,980
2081,19.0,36,980
2082,25.0,30,981
2083,25.0,31,981
2084,25.0,32,981
2085,25.0,114,981
2086,25.0,34,981
2087,25.0,35,981
2088,25.0,36,981
2089,25.0,33,981
2090,42.0,30,995
2091,42.0,31,995
2092,42.0,32,995
2093,42.0,114,995
2094,42.0,33,995
2095,42.0,34,995
2096,42.0,35,995
2097,42.0,36,995
2098,41.0,30,996
2099,41.0,31,996
2100,41.0,32,996
2101,41.0,114,996
2102,41.0,33,996
2103,41.0,34,996
2104,41.0,35,996
2105,41.0,36,996
2106,40.0,30,997
2107,40.0,31,997
2108,40.0,32,997
2109,40.0,114,997
2110,40.0,33,997
2111,40.0,34,997
2112,40.0,35,997
2113,40.0,36,997
2114,81.0,64,1019
2115,81.0,59,1019
2116,81.0,58,1019
2117,13.0,59,798
2118,61.0,59,847
2119,61.0,58,848
2120,61.0,60,849
2121,61.0,96,850
2122,61.0,99,851
2123,61.0,101,852
2124,61.0,102,853
2125,61.0,111,854
2126,64.0,59,855
2127,64.0,58,856
2128,64.0,60,857
2129,64.0,96,858
2130,64.0,99,859
2131,64.0,101,860
2132,64.0,102,861
2133,64.0,111,862
2134,61.0,50,863
2135,61.0,51,864
2136,61.0,52,865
2137,61.0,53,866
2138,61.0,54,867
2139,61.0,55,868
2140,61.0,56,869
2141,61.0,57,870
2142,64.0,50,871
2143,64.0,51,872
2144,64.0,52,873
2145,64.0,53,874
2146,64.0,54,875
2147,64.0,55,876
2148,64.0,56,877
2149,64.0,57,878
2150,52.0,50,845
2151,52.0,51,1020
2152,62.0,58,879
2153,73.0,158,1021
2154,73.0,159,1022
2155,73.0,160,1023
2156,73.0,161,1024
2157,73.0,162,1025
2158,73.0,163,1026
2159,73.0,158,1027
2160,73.0,159,1028
2161,73.0,160,1029
2162,73.0,161,1030
2163,73.0,162,1031
2164,73.0,163,1032
2165,73.0,158,1033
2166,73.0,159,1034
2167,73.0,160,1035
2168,73.0,161,1036
2169,73.0,162,1037
2170,73.0,163,1038
2171,73.0,158,1039
2172,73.0,159,1040
2173,73.0,160,1041
2174,73.0,161,1042
2175,73.0,162,1043
2176,73.0,163,1044
2177,73.0,158,1045
2178,73.0,159,1046
2179,73.0,160,1047
2180,73.0,161,1048
2181,73.0,162,1049
2182,73.0,163,1050
2183,73.0,158,1051
2184,73.0,159,1052
2185,73.0,160,1053
2186,73.0,161,1054
2187,73.0,162,1055
2188,73.0,163,1056
2189,73.0,158,1057
2190,73.0,159,1058
2191,73.0,160,1059
2192,73.0,161,1060
2193,73.0,162,1061
2194,73.0,163,1062
2195,73.0,158,1063
2196,73.0,159,1064
2197,73.0,160,1065
2198,73.0,161,1066
2199,73.0,162,1067
2200,73.0,163,1068
2201,73.0,158,1069
2202,73.0,159,1070
2203,73.0,160,1071
2204,73.0,161,1072
2205,73.0,162,1073
2206,73.0,163,1074
2207,73.0,158,1075
2208,73.0,159,1076
2209,73.0,160,1077
2210,73.0,161,1078
2211,73.0,162,1079
2212,73.0,163,1080
2213,73.0,156,1081
2214,73.0,157,1082
2215,73.0,160,1083
2216,73.0,161,1084
2217,73.0,197,1085
2218,73.0,162,1083
2219,73.0,156,1087
2220,73.0,157,1088
2221,73.0,158,1089
2222,73.0,159,1090
2223,73.0,160,1091
2224,73.0,161,1092
2225,73.0,162,1093
2226,73.0,163,1094
2227,73.0,156,986
2228,73.0,157,1095
2229,73.0,158,1096
2230,73.0,159,1097
2231,73.0,160,1098
2232,73.0,161,1099
2233,73.0,162,1100
2234,73.0,163,1101
2235,73.0,156,1102
2236,73.0,157,1103
2237,73.0,158,1104
2238,73.0,159,1105
2239,73.0,160,1106
2240,73.0,161,1107
2241,73.0,162,1108
2242,73.0,163,1109
2243,73.0,156,1110
2244,73.0,157,1111
2245,73.0,158,1112
2246,73.0,159,1113
2247,73.0,160,1114
2248,73.0,161,1115
2249,73.0,162,1116
2250,73.0,163,1117
2251,73.0,156,1118
2252,73.0,157,1119
2253,73.0,158,1120
2254,73.0,159,1121
2255,73.0,160,1122
2256,73.0,161,1123
2257,73.0,162,1124
2258,73.0,163,1125
2259,73.0,164,1126
2260,73.0,165,1127
2261,73.0,166,1128
2262,73.0,167,1129
2263,73.0,168,1130
2264,73.0,169,1131
2265,73.0,170,1132
2266,73.0,171,1133
2267,73.0,172,1134
2268,73.0,173,1135
2269,73.0,174,1136
2270,73.0,175,1137
2271,73.0,176,1138
2272,73.0,177,1139
2273,73.0,178,1140
2274,73.0,179,1141
2275,73.0,180,1142
2276,73.0,180,1143
2277,73.0,182,1144
2278,73.0,183,1145
2279,20.0,59,987
2280,20.0,60,988
2281,76.0,58,989
2282,73.0,158,1146
2283,73.0,159,1147
2284,73.0,160,1148
2285,73.0,161,1149
2286,73.0,162,1150
2287,73.0,163,1151
2288,73.0,158,1152
2289,73.0,159,1153
2290,73.0,160,1154
2291,73.0,161,1155
2292,73.0,162,1156
2293,73.0,163,1157
2294,73.0,158,1158
2295,73.0,159,1159
2296,73.0,160,1160
2297,73.0,161,1161
2298,73.0,162,1162
2299,73.0,163,1163
2300,66.0,52,1166
2301,66.0,60,1166
2302,66.0,53,1167
2303,66.0,96,1167
2304,66.0,54,1167
2305,66.0,99,1167
2306,67.0,51,1168
2307,8.0,22,19
2308,8.0,23,19
2309,8.0,24,19
2310,8.0,25,19
2311,8.0,26,19
2312,8.0,27,19
2313,8.0,22,1170
2314,8.0,23,1170
2315,8.0,24,1170
2316,8.0,25,1171
2317,8.0,26,1171
2318,8.0,27,1171
2319,7.0,25,1178
2320,7.0,26,1178
2321,7.0,27,1178
2322,117.0,22,30
2323,117.0,23,30
2324,117.0,24,30
2325,117.0,19,30
2326,117.0,21,30
2327,4.0,22,1179
2328,4.0,23,1179
2329,4.0,24,1179
2330,60.0,19,1184
2331,60.0,20,1185
2332,60.0,21,1186
2333,32.0,22,45
2334,32.0,23,45
2335,32.0,24,45
2336,32.0,25,45
2337,32.0,26,45
2338,32.0,27,45
2339,32.0,22,1187
2340,32.0,23,1187
2341,32.0,24,1187
2342,32.0,25,1188
2343,32.0,26,1188
2344,32.0,27,1188
2345,33.0,19,1195
2346,33.0,20,1196
2347,33.0,21,1197
2348,33.0,22,1198
2349,33.0,23,1199
2350,33.0,24,1200
2351,33.0,25,1201
2352,33.0,26,1202
2353,33.0,27,1203
2354,51.0,19,1206
2355,51.0,20,1207
2356,51.0,21,1208
2357,51.0,22,1209
2358,51.0,23,1210
2359,51.0,24,1211
2360,82.0,19,1212
2361,34.0,19,1213
2362,34.0,20,1214
2363,34.0,21,1215
2364,34.0,22,1216
2365,34.0,23,1217
2366,34.0,24,1218
2367,34.0,25,1219
2368,34.0,26,1220
2369,34.0,27,1221
2370,89.0,28,1222
2371,,19,1223
2372,81.0,22,85
2373,81.0,23,85
2374,81.0,24,85
2375,81.0,25,85
2376,81.0,26,85
2377,29.0,19,937
2378,29.0,20,937
2379,29.0,21,937
2380,87.0,19,938
2381,87.0,20,938
2382,87.0,21,938
2383,33.0,19,1224
2384,33.0,20,1224
2385,33.0,21,1224
2386,33.0,22,1224
2387,33.0,23,1224
2388,33.0,24,1224
2389,33.0,25,1224
2390,33.0,26,1224
2391,33.0,27,1224
2392,33.0,22,98
2393,33.0,25,98
2394,93.0,19,1239
2395,93.0,20,1240
2396,93.0,21,1241
2397,93.0,22,1242
2398,93.0,23,1243
2399,93.0,24,1244
2400,93.0,25,1245
2401,93.0,26,1246
2402,93.0,27,1247
2403,5.0,19,1248
2404,5.0,20,1248
2405,5.0,21,1248
2406,5.0,22,1248
2407,5.0,23,1248
2408,5.0,24,1248
2409,5.0,25,1248
2410,5.0,26,1248
2411,5.0,27,1248
2412,32.0,19,1249
2413,32.0,20,1249
2414,32.0,21,1249
2415,32.0,22,1249
2416,32.0,23,1249
2417,32.0,24,1249
2418,32.0,25,1249
2419,32.0,26,1249
2420,32.0,27,1249
2421,33.0,19,1250
2422,33.0,20,1250
2423,33.0,21,1250
2424,33.0,22,1250
2425,33.0,23,1250
2426,33.0,24,1250
2427,33.0,25,1250
2428,33.0,26,1250
2429,33.0,27,1250
2430,46.0,19,1251
2431,46.0,20,1251
2432,46.0,21,1251
2433,46.0,22,1251
2434,46.0,23,1251
2435,46.0,24,1251
2436,46.0,25,1251
2437,46.0,26,1251
2438,46.0,27,1251
2439,59.0,19,1252
2440,59.0,20,1252
2441,59.0,21,1252
2442,59.0,22,1252
2443,59.0,23,1252
2444,59.0,24,1252
2445,59.0,25,1252
2446,59.0,26,1252
2447,59.0,27,1252
2448,86.0,19,1253
2449,86.0,20,1253
2450,86.0,21,1253
2451,37.0,19,1254
2452,37.0,20,1254
2453,37.0,21,1254
2454,86.0,22,1255
2455,86.0,23,1255
2456,86.0,24,1255
2457,31.0,19,1256
2458,31.0,20,1256
2459,31.0,21,1256
2460,8.0,22,1257
2461,8.0,23,1257
2462,8.0,24,1257
2463,86.0,25,1258
2464,86.0,26,1258
2465,86.0,27,1258
2466,37.0,22,1259
2467,37.0,23,1259
2468,37.0,24,1259
2469,31.0,22,1260
2470,31.0,23,1260
2471,31.0,24,1260
2472,8.0,25,1261
2473,8.0,26,1261
2474,8.0,27,1261
2475,37.0,25,1262
2476,37.0,26,1262
2477,37.0,27,1262
2478,31.0,25,1263
2479,31.0,26,1263
2480,31.0,27,1263
2481,58.0,49,1270
2482,58.0,50,1271
2483,58.0,51,1272
2484,84.0,49,1273
2485,84.0,50,1274
2486,84.0,51,1275
2487,84.0,52,1276
2488,84.0,53,1277
2489,84.0,54,1278
2490,84.0,55,1279
2491,84.0,56,1280
2492,84.0,57,1281
2493,58.0,49,1284
2494,58.0,50,1285
2495,58.0,51,1286
2496,58.0,52,1287
2497,23.0,47,1288
2498,23.0,62,1289
2499,23.0,63,1290
2500,,46,1293
2501,,47,1294
2502,,48,1295
2503,8.0,46,1296
2504,8.0,47,1297
2505,9.0,46,1298
2506,9.0,47,1299
2507,9.0,48,1300
2508,10.0,48,193
2509,31.0,48,1302
2510,61.0,46,1305
2511,61.0,47,1306
2512,61.0,48,1307
2513,61.0,84,1308
2514,61.0,85,1309
2515,61.0,184,1310
2516,33.0,46,1311
2517,33.0,47,1312
2518,3.0,49,1315
2519,3.0,65,1316
2520,1.0,64,1317
2521,1.0,50,1318
2522,1.0,59,1319
2523,15.0,77,1358
2524,15.0,78,1359
2525,15.0,79,1360
2526,15.0,80,1361
2527,15.0,81,1362
2528,15.0,82,1363
2529,12.0,80,1364
2530,12.0,81,1365
2531,12.0,82,1366
2532,11.0,75,1367
2533,11.0,65,1368
2534,11.0,76,1369
2535,6.0,80,1384
2536,6.0,81,1385
2537,6.0,82,1386
2538,,75,1393
2539,,65,1394
2540,,76,1395
2541,104.0,80,1398
2542,104.0,81,1398
2543,104.0,82,1398
2544,15.0,75,1413
2545,15.0,65,1414
2546,15.0,76,1415
2547,14.0,20,1420
2548,14.0,21,1420
2549,14.0,24,1420
2550,14.0,23,1420
2551,14.0,22,1420
2552,14.0,19,1420
2553,78.0,22,285
2554,78.0,23,1424
2555,78.0,24,1424
2556,78.0,25,1424
2557,78.0,22,1424
2558,78.0,26,1427
2559,78.0,27,1427
2560,78.0,25,1427
2561,35.0,50,1429
2562,35.0,51,1430
2563,15.0,50,1431
2564,15.0,51,1432
2565,15.0,52,1433
2566,14.0,50,1434
2567,14.0,51,1435
2568,14.0,52,1436
2569,30.0,50,1437
2570,30.0,51,1438
2571,30.0,52,1439
2572,49.0,64,1016
2573,65.0,50,1440
2574,46.0,62,1441
2575,46.0,61,1442
2576,46.0,63,1443
2577,46.0,84,1444
2578,46.0,85,1445
2579,46.0,185,1446
2580,88.0,48,1447
2581,88.0,62,1448
2582,88.0,61,1449
2583,88.0,63,1450
2584,88.0,84,1451
2585,88.0,85,1452
2586,88.0,186,1453
2587,1.0,58,1454
2588,2.0,87,1455
2589,2.0,87,1456
2590,2.0,58,1457
2591,2.0,76,1458
2592,70.0,22,1459
2593,70.0,23,1460
2594,70.0,24,1461
2595,37.0,22,347
2596,78.0,23,1462
2597,78.0,24,1463
2598,79.0,22,1464
2599,79.0,23,1465
2600,79.0,24,1466
2601,29.0,22,1467
2602,29.0,23,1468
2603,29.0,24,1469
2604,29.0,25,1470
2605,29.0,26,1471
2606,29.0,27,1472
2607,109.0,25,363
2608,109.0,26,364
2609,109.0,27,365
2610,7.0,22,366
2611,7.0,21,366
2612,7.0,23,366
2613,7.0,24,366
2614,14.0,22,1473
2615,14.0,23,1473
2616,14.0,24,1473
2617,52.0,52,1474
2618,52.0,53,1475
2619,52.0,54,1476
2620,35.0,52,1477
2621,35.0,53,1478
2622,35.0,54,1479
2623,,52,1480
2624,,54,1481
2625,9.0,57,1482
2626,70.0,62,1483
2627,70.0,61,1484
2628,70.0,63,1485
2629,50.0,62,1488
2630,50.0,61,1489
2631,58.0,61,1490
2632,58.0,63,1491
2633,48.0,62,1494
2634,48.0,61,1495
2635,48.0,63,1496
2636,11.0,62,1497
2637,11.0,61,1498
2638,11.0,63,1499
2639,11.0,84,1500
2640,11.0,85,1501
2641,11.0,187,1502
2642,32.0,62,1503
2643,32.0,61,1503
2644,32.0,63,1503
2645,86.0,84,1508
2646,86.0,85,1509
2647,86.0,188,1510
2648,7.0,62,1513
2649,7.0,61,1514
2650,7.0,63,1515
2651,25.0,77,1520
2652,25.0,78,1520
2653,25.0,79,1520
2654,55.0,80,1523
2655,55.0,81,1524
2656,55.0,82,1525
2657,8.0,80,1528
2658,8.0,81,1529
2659,8.0,82,1530
2660,1.0,80,1531
2661,1.0,81,1532
2662,1.0,82,1533
2663,,23,1534
2664,,24,1535
2665,59.0,84,1536
2666,3.0,53,1537
2667,2.0,96,1538
2668,3.0,78,1539
2669,59.0,63,1540
2670,1.0,101,1541
2671,2.0,99,1542
2672,2.0,55,1543
2673,1.0,99,1544
2674,1.0,101,1545
2675,3.0,81,1546
2676,3.0,55,486
2677,2.0,102,496
2678,46.0,25,1549
2679,46.0,26,1549
2680,46.0,27,1549
2681,115.0,25,943
2682,115.0,26,943
2683,115.0,27,943
2684,115.0,25,944
2685,115.0,26,944
2686,115.0,27,944
2687,86.0,22,1552
2688,86.0,23,1552
2689,86.0,24,1552
2690,8.0,22,1553
2691,8.0,23,1553
2692,86.0,24,1553
2693,37.0,22,1554
2694,37.0,23,1554
2695,8.0,24,1554
2696,35.0,55,1555
2697,35.0,56,1556
2698,35.0,57,1557
2699,51.0,55,1558
2700,51.0,56,1559
2701,5.0,56,1560
2702,5.0,57,1561
2703,48.0,102,541
2704,46.0,56,1562
2705,46.0,101,1562
2706,46.0,101,1564
2707,46.0,57,1565
2708,5.0,85,1568
2709,5.0,189,1569
2710,,84,1570
2711,,85,1570
2712,,104,1570
2713,,85,1571
2714,,104,1572
2715,81.0,85,1573
2716,11.0,84,1576
2717,11.0,85,1577
2718,11.0,190,1578
2719,59.0,84,1581
2720,59.0,85,1582
2721,59.0,191,1583
2722,22.0,55,1584
2723,,19,1586
2724,8.0,25,1588
2725,8.0,26,1588
2726,8.0,27,1588
2727,37.0,25,1589
2728,37.0,26,1589
2729,37.0,27,1589
2730,31.0,192,1590
2731,31.0,26,1590
2732,31.0,27,1590
2733,,85,1591
2734,46.0,63,1592
2735,46.0,101,1594
2736,48.0,56,625
2737,8.0,64,626
2738,62.0,64,1596
2739,75.0,57,1598
2740,75.0,55,1599
2741,75.0,55,1600
2742,75.0,56,1601
2743,59.0,25,1602
2744,59.0,26,1602
2745,59.0,27,1602
2746,14.0,26,950
2747,14.0,26,950
2748,84.0,55,668
2749,84.0,56,669
2750,33.0,55,1604
2751,33.0,63,1604
2752,33.0,85,1604
2753,33.0,56,1605
2754,33.0,54,1606
2755,21.0,29,906
2756,21.0,30,906
2757,21.0,30,906
2758,21.0,31,906
2759,21.0,32,906
2760,21.0,32,906
2761,21.0,33,906
2762,21.0,29,907
2763,1.0,155,1607
2764,1.0,29,1607
2765,2.0,29,1607
2766,1.0,30,1607
2767,1.0,34,1607
2768,1.0,148,1607
2769,1.0,33,1607
2770,1.0,114,1607
2771,2.0,34,1607
2772,1.0,35,1607
2773,1.0,36,1607
2774,1.0,193,1607
2775,1.0,194,1607
2776,2.0,155,1607
2777,3.0,155,1607
2778,3.0,29,1607
2779,2.0,30,1607
2780,3.0,34,1607
2781,3.0,30,1607
2782,2.0,31,1607
2783,3.0,31,1607
2784,1.0,31,1607
2785,2.0,148,1607
2786,3.0,148,1607
2787,2.0,114,1607
2788,3.0,114,1607
2789,3.0,33,1607
2790,2.0,35,1607
2791,2.0,33,1607
2792,3.0,35,1607
2793,2.0,36,1607
2794,3.0,36,1607
2795,2.0,193,1607
2796,3.0,193,1607
2797,2.0,194,1607
2798,3.0,194,1607
2799,22.0,155,1607
2800,22.0,29,1607
2801,22.0,30,1607
2802,22.0,148,1607
2803,22.0,31,1607
2804,22.0,114,1607
2805,22.0,33,1607
2806,22.0,34,1607
2807,22.0,36,1607
2808,22.0,35,1607
2809,22.0,193,1607
2810,22.0,194,1607
2811,28.0,155,1607
2812,28.0,29,1607
2813,28.0,30,1607
2814,28.0,31,1607
2815,28.0,148,1607
2816,28.0,114,1607
2817,28.0,33,1607
2818,28.0,34,1607
2819,28.0,35,1607
2820,28.0,36,1607
2821,28.0,193,1607
2822,28.0,194,1607
2823,21.0,155,1607
2824,21.0,29,1607
2825,21.0,30,1607
2826,21.0,31,1607
2827,21.0,148,1607
2828,21.0,114,1607
2829,21.0,33,1607
2830,21.0,34,1607
2831,21.0,35,1607
2832,21.0,36,1607
2833,21.0,193,1607
2834,21.0,194,1607
2835,12.0,155,1607
2836,12.0,29,1607
2837,12.0,30,1607
2838,12.0,31,1607
2839,12.0,148,1607
2840,12.0,114,1607
2841,12.0,33,1607
2842,12.0,34,1607
2843,12.0,35,1607
2844,12.0,36,1607
2845,12.0,193,1607
2846,12.0,194,1607
2847,57.0,155,1607
2848,57.0,29,1607
2849,57.0,30,1607
2850,57.0,34,1607
2851,57.0,31,1607
2852,57.0,148,1607
2853,57.0,114,1607
2854,57.0,33,1607
2855,57.0,35,1607
2856,57.0,36,1607
2857,57.0,193,1607
2858,57.0,194,1607
2859,4.0,155,1607
2860,4.0,29,1607
2861,4.0,30,1607
2862,4.0,31,1607
2863,4.0,148,1607
2864,4.0,114,1607
2865,4.0,33,1607
2866,4.0,34,1607
2867,4.0,35,1607
2868,4.0,36,1607
2869,4.0,193,1607
2870,4.0,194,1607
2871,38.0,155,1607
2872,38.0,29,1607
2873,38.0,30,1607
2874,38.0,31,1607
2875,38.0,148,1607
2876,38.0,114,1607
2877,38.0,33,1607
2878,38.0,35,1607
2879,38.0,34,1607
2880,38.0,36,1607
2881,38.0,193,1607
2882,38.0,194,1607
2883,26.0,155,1607
2884,26.0,29,1607
2885,26.0,30,1607
2886,26.0,31,1607
2887,26.0,148,1607
2888,26.0,114,1607
2889,26.0,33,1607
2890,26.0,34,1607
2891,26.0,35,1607
2892,26.0,36,1607
2893,26.0,194,1607
2894,27.0,155,1607
2895,27.0,29,1607
2896,27.0,30,1607
2897,27.0,31,1607
2898,27.0,32,1607
2899,27.0,114,1607
2900,27.0,33,1607
2901,27.0,34,1607
2902,27.0,35,1607
2903,27.0,36,1607
2904,27.0,193,1607
2905,27.0,194,1607
2906,20.0,155,1607
2907,20.0,29,1607
2908,20.0,30,1607
2909,20.0,31,1607
2910,20.0,32,1607
2911,20.0,114,1607
2912,20.0,33,1607
2913,20.0,34,1607
2914,20.0,35,1607
2915,20.0,36,1607
2916,20.0,193,1607
2917,20.0,194,1607
2918,19.0,155,1607
2919,19.0,29,1607
2920,19.0,30,1607
2921,19.0,31,1607
2922,19.0,32,1607
2923,19.0,114,1607
2924,19.0,33,1607
2925,19.0,43,1607
2926,19.0,35,1607
2927,19.0,36,1607
2928,6.0,29,1607
2929,6.0,30,1607
2930,6.0,31,1607
2931,6.0,32,1607
2932,6.0,34,1607
2933,6.0,114,1607
2934,6.0,33,1607
2935,1.0,35,1607
2936,6.0,36,1607
2937,45.0,29,1607
2938,45.0,30,1607
2939,45.0,36,1607
2940,45.0,31,1607
2941,25.0,32,1607
2942,25.0,114,1607
2943,25.0,33,1607
2944,25.0,34,1607
2945,25.0,35,1607
2946,44.0,29,1607
2947,44.0,30,1607
2948,44.0,31,1607
2949,44.0,32,1607
2950,44.0,114,1607
2951,44.0,33,1607
2952,44.0,34,1607
2953,44.0,35,1607
2954,44.0,36,1607
2955,43.0,30,1607
2956,43.0,29,1607
2957,43.0,31,1607
2958,43.0,32,1607
2959,43.0,114,1607
2960,43.0,33,1607
2961,43.0,34,1607
2962,43.0,35,1607
2963,43.0,36,1607
2964,42.0,29,1607
2965,42.0,30,1607
2966,42.0,31,1607
2967,42.0,32,1607
2968,42.0,114,1607
2969,42.0,33,1607
2970,42.0,34,1607
2971,42.0,35,1607
2972,42.0,36,1607
2973,41.0,29,1607
2974,41.0,30,1607
2975,41.0,31,1607
2976,41.0,114,1607
2977,41.0,32,1607
2978,41.0,33,1607
2979,41.0,34,1607
2980,41.0,35,1607
2981,41.0,36,1607
2982,40.0,29,1607
2983,40.0,30,1607
2984,40.0,31,1607
2985,40.0,32,1607
2986,40.0,114,1607
2987,40.0,33,1607
2988,40.0,34,1607
2989,40.0,35,1607
2990,40.0,36,1607
2991,39.0,29,1607
2992,39.0,30,1607
2993,39.0,31,1607
2994,39.0,32,1607
2995,39.0,114,1607
2996,39.0,33,1607
2997,39.0,34,1607
2998,39.0,26,1607
2999,39.0,36,1607
3000,24.0,29,1607
3001,24.0,30,1607
3002,24.0,31,1607
3003,24.0,32,1607
3004,24.0,114,1607
3005,24.0,33,1607
3006,24.0,34,1607
3007,24.0,35,1607
3008,24.0,36,1607
3009,18.0,29,1607
3010,18.0,30,1607
3011,18.0,31,1607
3012,18.0,32,1607
3013,18.0,114,1607
3014,18.0,33,1607
3015,18.0,34,1607
3016,18.0,35,1607
3017,18.0,36,1607
3018,17.0,29,1607
3019,17.0,30,1607
3020,17.0,31,1607
3021,17.0,4,1607
3022,17.0,114,1607
3023,17.0,33,1607
3024,17.0,34,1607
3025,17.0,35,1607
3026,17.0,36,1607
3027,45.0,32,1607
3028,45.0,114,1607
3029,45.0,33,1607
3030,45.0,34,1607
3031,45.0,35,1607
3032,25.0,29,1607
3033,25.0,30,1607
3034,25.0,31,1607
3035,25.0,36,1607
3036,27.0,19,972
3037,20.0,30,976
3038,20.0,31,976
3039,20.0,32,976
3040,22.0,29,1609
3041,17.0,21,979
3042,39.0,30,998
3043,39.0,29,998
3044,39.0,32,998
3045,39.0,114,998
3046,39.0,33,998
3047,39.0,34,998
3048,39.0,36,998
3049,39.0,35,998
3050,39.0,31,998
3051,39.0,32,998
3052,39.0,114,998
3053,39.0,33,998
3054,39.0,34,998
3055,39.0,35,998
3056,39.0,36,998
3057,88.0,22,1610
3058,88.0,23,1610
3059,88.0,24,1610
3060,46.0,53,1614
3061,46.0,54,1615
3062,33.0,84,1617
3063,33.0,85,1617
3064,33.0,104,1617
3065,108.0,22,704
3066,108.0,23,704
3067,108.0,24,704
3068,108.0,22,704
3069,108.0,22,1618
3070,108.0,23,1618
3071,108.0,24,1618
3072,103.0,22,1619
3073,103.0,23,1619
3074,103.0,24,1619
3075,78.0,19,1620
3076,78.0,20,1620
3077,78.0,21,1620
3078,78.0,22,1621
3079,78.0,23,1621
3080,78.0,24,1621
3081,78.0,25,1622
3082,78.0,26,1622
3083,78.0,27,1622
3084,46.0,23,713
3085,46.0,24,713
3086,33.0,22,716
3087,33.0,23,716
3088,33.0,24,716
3089,33.0,25,716
3090,33.0,26,716
3091,33.0,27,716
3092,33.0,22,1626
3093,33.0,23,1626
3094,33.0,24,1626
3095,33.0,25,1627
3096,33.0,26,1627
3097,33.0,27,1627
3098,103.0,25,720
3099,103.0,26,720
3100,103.0,27,720
3101,103.0,25,1629
3102,103.0,26,1629
3103,103.0,27,1629
3104,59.0,84,1630
3105,59.0,85,1631
3106,59.0,104,1632
3107,59.0,61,1633
3108,59.0,63,1634
3109,81.0,101,747
3110,7.0,61,1636
3111,7.0,61,1636
3112,7.0,63,1636
3113,7.0,62,1636
3114,7.0,84,1637
3115,7.0,85,1637
3116,7.0,104,1637
3117,30.0,47,786
3118,108.0,64,789
3119,108.0,49,789
3120,108.0,64,789
3121,32.0,62,1642
3122,32.0,61,1642
3123,32.0,63,1642
3124,37.0,99,1643
3125,37.0,101,1644
3126,37.0,102,1645
3127,37.0,111,1646
3128,13.0,63,798
3129,46.0,111,1651
3130,61.0,99,852
3131,58.0,50,838
3132,58.0,51,838
3133,62.0,48,879
3134,,154,1657
3135,73.0,158,1063
3136,73.0,158,1671
3137,73.0,159,1672
3138,26.0,154,1677
3139,73.0,163,1125
3140,73.0,169,1131
3141,113.0,195,1682
3142,113.0,196,1682
3143,113.0,146,1683
3144,90.0,60,405
3145,90.0,96,405
3146,90.0,99,405
3147,90.0,101,408
3148,90.0,102,408
3149,90.0,111,408
3150,14.0,60,814
3151,14.0,96,814
3152,14.0,99,814
3153,15.0,60,391
3154,15.0,96,392
3155,15.0,99,393
3156,49.0,60,394
3157,116.0,99,394
3158,116.0,96,394
3159,10.0,60,399
3160,10.0,96,400
3161,10.0,99,401
3162,104.0,60,412
3163,104.0,96,412
3164,104.0,99,412
3165,72.0,60,635
3166,72.0,96,635
3167,72.0,60,635
3168,72.0,60,1017
3169,30.0,60,698
3170,30.0,96,698
3171,30.0,99,698
3172,121.0,60,701
3173,121.0,96,701
3174,121.0,99,701
3175,13.0,60,799
3176,4.0,99,1684
3177,4.0,101,1684
3178,4.0,102,1684
3179,16.0,55,1685
3180,16.0,56,1686
3181,75.0,55,1687
3182,67.0,54,1688
3183,16.0,57,1689
3184,122.0,52,1690
3185,122.0,60,1690
3186,73.0,53,1691
3187,73.0,54,1692
3188,73.0,55,1693
3189,73.0,53,1694
3190,73.0,55,1695
3191,123.0,56,1696
3192,123.0,212,1697
3193,73.0,179,1698
3194,73.0,180,1699
3195,73.0,181,1700
3196,73.0,182,1701
3197,120.0,53,1702
3198,3.0,70,1704
3199,125.0,96,1705
3200,46.0,22,708
3201,46.0,23,708
3202,46.0,24,708
3203,46.0,52,733
3204,46.0,60,733
3205,46.0,53,733
3206,46.0,96,733
3207,46.0,54,733
3208,46.0,99,733
3209,46.0,99,733
3210,81.0,25,86
3211,81.0,26,86
3212,81.0,27,86
3213,81.0,52,745
3214,81.0,60,1019
3215,23.0,96,382
3216,75.0,96,413
3217,75.0,99,413
3218,75.0,101,413
3219,32.0,99,474
3220,32.0,55,475
3221,32.0,102,476
3222,84.0,99,619
3223,49.0,99,634
3224,49.0,101,634
3225,49.0,102,634
3226,11.0,96,960
3227,11.0,99,962
3228,119.0,53,1706
3229,73.0,181,1143
3230,73.0,182,1708
3231,73.0,183,1709
3232,73.0,181,1710
3233,73.0,182,1711
3234,59.0,53,1707
3235,59.0,54,1707
3236,59.0,55,1707
3237,59.0,56,1707
3238,59.0,120,1707
3239,59.0,54,1712
3240,59.0,55,1713
3241,59.0,56,1714
3242,59.0,57,1715
3243,73.0,96,1716
3244,73.0,99,1717
3245,73.0,101,1718
3246,73.0,129,1719
3247,73.0,130,1720
3248,73.0,131,1721
3249,52.0,96,1722
3250,73.0,199,1723
3251,73.0,200,1724
3252,73.0,199,1725
3253,73.0,200,1726
3254,73.0,199,1727
3255,73.0,200,1728
3256,73.0,199,1729
3257,73.0,200,1730
3258,73.0,199,1731
3259,73.0,200,1732
3260,73.0,199,1733
3261,73.0,200,1734
3262,73.0,199,1735
3263,73.0,200,1736
3264,73.0,199,1737
3265,73.0,200,1737
3266,73.0,199,1739
3267,73.0,200,1740
3268,73.0,199,1741
3269,73.0,199,1742
3270,73.0,200,1743
3271,73.0,199,1744
3272,73.0,200,1745
3273,73.0,199,1746
3274,73.0,200,1747
3275,73.0,199,1748
3276,73.0,200,1749
3277,73.0,199,1750
3278,73.0,200,1751
3279,73.0,199,1754
3280,73.0,200,1755
3281,73.0,199,1756
3282,73.0,200,1757
3283,73.0,199,1758
3284,73.0,200,1759
3285,73.0,200,1760
3286,73.0,199,1762
3287,73.0,200,1763
3288,73.0,200,1738
3289,73.0,199,1752
3290,73.0,200,1753
3291,73.0,201,1765
3292,73.0,202,1766
3293,73.0,201,1767
3294,73.0,202,1768
3295,73.0,201,1769
3296,73.0,202,1770
3297,73.0,201,1772
3298,73.0,202,1773
3299,73.0,201,1774
3300,73.0,202,1775
3301,73.0,201,1776
3302,73.0,202,1777
3303,73.0,201,1778
3304,73.0,202,1779
3305,73.0,201,1780
3306,73.0,202,1781
3307,73.0,201,1782
3308,73.0,202,1783
3309,73.0,201,1784
3310,73.0,202,1785
3311,73.0,201,1786
3312,73.0,202,1787
3313,73.0,201,1788
3314,73.0,202,1789
3315,73.0,201,1790
3316,73.0,202,1791
3317,73.0,201,1792
3318,73.0,202,1793
3319,73.0,201,1794
3320,73.0,202,1795
3321,73.0,201,1796
3322,73.0,202,1797
3323,73.0,201,1798
3324,73.0,202,1799
3325,73.0,201,1800
3326,73.0,202,1801
3327,11.0,101,545
3328,15.0,101,556
3329,15.0,102,556
3330,15.0,111,556
3331,49.0,54,634
3332,49.0,99,634
3333,49.0,101,634
3334,49.0,102,634
3335,14.0,55,785
3336,14.0,56,785
3337,14.0,120,785
3338,64.0,99,858
3339,120.0,96,1804
3340,120.0,99,1805
3341,120.0,101,1806
3342,120.0,102,1807
3343,120.0,111,1808
3344,30.0,101,552
3345,30.0,102,552
3346,30.0,111,552
3347,13.0,101,559
3348,13.0,102,559
3349,13.0,111,559
3350,62.0,101,560
3351,62.0,102,560
3352,62.0,111,560
3353,104.0,101,632
3354,116.0,102,632
3355,4.0,111,632
3356,74.0,54,1810
3357,74.0,60,1810
3358,74.0,99,1810
3359,104.0,55,1810
3360,104.0,101,1810
3361,104.0,56,1810
3362,104.0,102,1810
3363,104.0,57,1810
3364,104.0,111,1810
3365,73.0,203,982
3366,73.0,203,1811
3367,73.0,192,1812
3368,73.0,203,1813
3369,73.0,192,1814
3370,73.0,203,1815
3371,73.0,192,1816
3372,73.0,203,1817
3373,73.0,192,1818
3374,73.0,203,1819
3375,73.0,192,1820
3376,73.0,203,1821
3377,73.0,192,1822
3378,73.0,203,1823
3379,73.0,192,1824
3380,73.0,203,1825
3381,73.0,192,1826
3382,73.0,203,1827
3383,73.0,192,1828
3384,73.0,203,1829
3385,73.0,192,1830
3386,73.0,203,1831
3387,73.0,192,1832
3388,73.0,203,1833
3389,73.0,192,1834
3390,73.0,203,1835
3391,73.0,192,1836
3392,73.0,203,1837
3393,73.0,192,1838
3394,73.0,203,1839
3395,73.0,192,1840
3396,73.0,203,1841
3397,73.0,192,1842
3398,73.0,203,1843
3399,73.0,192,1844
3400,76.0,55,1845
3401,76.0,101,1845
3402,76.0,56,1845
3403,76.0,102,1845
3404,76.0,111,1845
3405,76.0,120,1845
3406,9.0,85,534
3407,9.0,112,534
3408,128.0,102,1846
3409,73.0,131,1847
3410,73.0,133,1848
3411,73.0,132,1849
3412,73.0,203,1850
3413,73.0,192,1851
3414,73.0,204,1852
3415,73.0,208,1853
3416,73.0,206,1854
3417,73.0,192,1809
3418,73.0,192,1856
3419,73.0,207,1855
3420,129.0,25,1858
3421,129.0,26,1858
3422,129.0,27,1858
3423,9.0,55,534
3424,9.0,101,534
3425,9.0,56,534
3426,9.0,102,534
3427,9.0,120,534
3428,9.0,111,534
3429,73.0,204,1861
3430,73.0,208,1862
3431,73.0,207,1863
3432,73.0,206,1864
3433,73.0,204,1865
3434,73.0,208,1866
3435,73.0,207,1867
3436,73.0,206,1868
3437,73.0,204,1869
3438,73.0,208,1870
3439,73.0,207,1871
3440,73.0,206,1872
3441,73.0,204,1873
3442,73.0,208,1874
3443,73.0,207,1875
3444,73.0,206,1876
3445,73.0,204,1877
3446,73.0,208,1878
3447,73.0,207,1879
3448,73.0,206,1880
3449,73.0,204,1881
3450,73.0,208,1882
3451,73.0,209,1883
3452,73.0,206,1884
3453,73.0,204,1885
3454,73.0,208,1886
3455,73.0,208,1886
3456,73.0,207,1887
3457,73.0,206,1888
3458,73.0,204,1889
3459,73.0,208,1890
3460,73.0,207,1891
3461,73.0,206,1892
3462,73.0,204,1893
3463,73.0,208,1894
3464,73.0,207,1895
3465,73.0,206,1896
3466,73.0,204,1897
3467,73.0,208,1898
3468,73.0,207,1899
3469,73.0,206,1900
3470,73.0,204,1901
3471,73.0,208,1902
3472,73.0,207,1903
3473,73.0,206,1904
3474,73.0,204,1905
3475,73.0,208,1906
3476,73.0,207,1907
3477,73.0,206,1908
3478,73.0,204,1909
3479,73.0,208,1910
3480,73.0,207,1911
3481,73.0,206,1912
3482,73.0,204,1913
3483,73.0,208,1914
3484,73.0,207,1915
3485,73.0,206,1916
3486,73.0,204,1917
3487,73.0,208,1918
3488,73.0,207,1919
3489,73.0,206,1920
3490,73.0,204,1857
3491,73.0,208,1921
3492,73.0,207,1922
3493,46.0,55,1859
3494,46.0,101,1859
3495,46.0,56,1859
3496,46.0,102,1859
3497,46.0,120,1859
3498,46.0,111,1859
3499,73.0,206,1923
3500,73.0,204,1924
3501,73.0,208,1925
3502,73.0,207,1926
3503,73.0,206,1927
3504,73.0,204,1928
3505,73.0,208,1929
3506,73.0,207,1930
3507,73.0,206,1931
3508,73.0,204,1932
3509,73.0,208,1933
3510,73.0,207,1934
3511,73.0,206,1935
3512,26.0,102,581
3513,23.0,102,612
3514,37.0,56,347
3515,37.0,56,347
3516,37.0,102,347
3517,37.0,120,347
3518,37.0,111,347
3519,120.0,102,990
3520,119.0,27,1936
3521,26.0,26,1937
3522,26.0,27,1937
3523,37.0,26,1938
3524,37.0,56,1938
3525,37.0,102,1938
3526,37.0,27,1938
3527,37.0,57,1938
3528,37.0,111,1938
3529,6.0,56,1939
3530,6.0,102,1939
3531,31.0,102,1940
3532,121.0,56,1941
3533,121.0,102,1941
3534,65.0,111,598
3535,5.0,111,667
3536,26.0,120,1942
3537,23.0,57,1943
3538,26.0,94,1944
3539,13.0,57,1945
3540,13.0,111,1945
3541,119.0,81,1946
3542,1.0,55,823
3543,26.0,25,828
3544,1.0,101,823
3545,3.0,102,1947
3546,3.0,69,1948
3547,73.0,213,1949
3548,73.0,214,1950
3549,73.0,213,1951
3550,73.0,214,1952
3551,73.0,213,1953
3552,73.0,214,1954
3553,73.0,213,1955
3554,73.0,214,1956
3555,73.0,213,1957
3556,73.0,214,1958
3557,73.0,213,1959
3558,73.0,214,1960
3559,73.0,213,1961
3560,73.0,214,1962
3561,134.0,215,1964
3562,73.0,213,1963
3563,73.0,214,1965
3564,73.0,213,1966
3565,73.0,214,1967
3566,73.0,213,1968
3567,73.0,214,1969
3568,73.0,134,1970
3569,73.0,213,1971
3570,73.0,214,1972
3571,73.0,213,1973
3572,73.0,214,1974
3573,73.0,213,1975
3574,73.0,214,1976
3575,73.0,213,1977
3576,73.0,214,1978
3577,73.0,213,1979
3578,73.0,214,1980
3579,73.0,213,1981
3580,73.0,214,1982
3581,73.0,213,1983
3582,73.0,214,1984
3583,73.0,213,1985
3584,73.0,214,1986
3585,73.0,213,1987
3586,73.0,214,1988
3587,73.0,213,1989
3588,73.0,214,1990
3589,135.0,216,1991
3590,136.0,216,1997
3591,4.0,216,2002
3592,123.0,217,2003
